                  epoch,         train/box_loss,         train/cls_loss,         train/dfl_loss,   metrics/precision(B),      metrics/recall(B),       metrics/mAP50(B),    metrics/mAP50-95(B),           val/box_loss,           val/cls_loss,           val/dfl_loss,                 lr/pg0,                 lr/pg1,                 lr/pg2
                      1,                 4.4877,                 5.8357,                 4.3183,                0.00038,                0.08824,                0.00024,                  6e-05,                  4.489,                 5.7288,                 4.1673,                0.00052,                0.00052,                0.00052
                      2,                 4.0378,                 4.9786,                 3.9458,                0.00024,                0.05882,                0.00019,                  6e-05,                  4.568,                 5.1816,                 4.2686,             0.00085012,             0.00085012,             0.00085012
                      3,                 3.6265,                 4.1376,                  3.477,                0.00035,                0.07353,                0.00026,                  8e-05,                 4.7359,                 4.9783,                 4.3969,              0.0009664,              0.0009664,              0.0009664
                      4,                 3.2474,                  3.503,                 3.1954,                0.00097,                0.08824,                0.00063,                0.00013,                 4.4144,                 4.8615,                 4.1513,               0.000812,               0.000812,               0.000812
                      5,                 3.1281,                 3.2832,                 2.9745,                0.09715,                0.14706,                0.04067,                0.01094,                   3.21,                 3.9995,                 3.1679,               0.000812,               0.000812,               0.000812
